City_ID,City,Country,Date,Lat,Lng,Max Temp,Humidity,Cloudiness,Wind Speed
0,Lompoc,US,2020-04-20 01:37:18,34.64,-120.46,59.0,67,90,12.75
1,Bathsheba,BB,2020-04-20 01:37:18,13.22,-59.52,80.6,69,20,17.22
2,Kahului,US,2020-04-20 01:37:18,20.89,-156.47,82.4,51,40,12.75
3,Tuktoyaktuk,CA,2020-04-20 01:37:19,69.45,-133.04,10.4,85,90,9.17
4,Busselton,AU,2020-04-20 01:37:19,-33.65,115.33,69.01,42,95,22.88
5,Mahebourg,MU,2020-04-20 01:37:19,-20.41,57.7,77.0,83,75,12.75
6,Barrow,US,2020-04-20 01:37:19,71.29,-156.79,12.2,78,90,6.93
7,Vaini,TO,2020-04-20 01:37:19,-21.2,-175.2,84.2,74,20,11.41
8,Morros,BR,2020-04-20 01:37:19,-9.45,-46.3,72.45,80,87,4.61
9,Vestmannaeyjar,IS,2020-04-20 01:37:20,63.44,-20.27,46.22,94,100,27.13
10,Lewisporte,CA,2020-04-20 01:37:20,49.25,-55.05,30.2,92,90,26.4
11,Port Alfred,ZA,2020-04-20 01:37:20,-33.59,26.89,69.01,70,0,4.0
12,Rikitea,PF,2020-04-20 01:37:20,-23.12,-134.97,76.84,71,93,6.76
13,Villa Maria,AR,2020-04-20 01:37:20,-32.41,-63.24,61.0,78,0,1.01
14,Puntarenas,CR,2020-04-20 01:34:42,9.98,-84.84,73.99,100,75,3.36
15,Hithadhoo,MV,2020-04-20 01:37:21,-0.6,73.08,84.88,76,100,11.5
16,Willowmore,ZA,2020-04-20 01:37:21,-33.29,23.49,63.75,22,0,4.43
17,Hobyo,SO,2020-04-20 01:37:21,5.35,48.53,84.11,74,100,7.49
18,Saint-Philippe,RE,2020-04-20 01:37:21,-21.36,55.77,73.4,78,20,12.75
19,Yellowknife,CA,2020-04-20 01:36:22,62.46,-114.35,24.8,58,40,21.92
20,Bambanglipuro,ID,2020-04-20 01:37:21,-7.95,110.28,86.45,66,83,1.25
21,Saint George,US,2020-04-20 01:35:02,37.1,-113.58,73.4,25,40,11.41
22,Angoche,MZ,2020-04-20 01:37:22,-16.23,39.91,74.35,88,34,9.82
23,Saskylakh,RU,2020-04-20 01:37:22,71.92,114.08,22.86,95,17,2.73
24,Korla,CN,2020-04-20 01:37:22,41.76,86.15,63.23,22,85,2.28
25,Hilo,US,2020-04-20 01:37:22,19.73,-155.09,80.6,51,1,12.75
26,Hermanus,ZA,2020-04-20 01:37:23,-34.42,19.23,61.0,95,9,12.01
27,Bonthe,SL,2020-04-20 01:37:23,7.53,-12.51,81.01,82,100,6.67
28,Miraflores,MX,2020-04-20 01:37:23,19.22,-98.81,75.2,44,90,8.05
29,Port Elizabeth,ZA,2020-04-20 01:35:25,-33.92,25.57,75.2,38,0,16.11
30,Deer Lake,CA,2020-04-20 01:37:23,49.17,-57.43,30.2,92,90,12.75
31,Ostrovnoy,RU,2020-04-20 01:35:28,68.05,39.51,24.48,97,46,6.55
32,Torbay,CA,2020-04-20 01:35:15,47.67,-52.73,36.0,100,90,26.4
33,Ushuaia,AR,2020-04-20 01:32:45,-54.8,-68.3,41.0,80,40,27.51
34,Cape Town,ZA,2020-04-20 01:34:08,-33.93,18.42,62.01,82,75,18.34
35,Emerald,AU,2020-04-20 01:37:24,-23.53,148.17,82.4,30,14,6.93
36,Aklavik,CA,2020-04-20 01:37:24,68.22,-135.01,23.0,53,90,3.36
37,Nanortalik,GL,2020-04-20 01:37:25,60.14,-45.24,27.81,86,17,6.93
38,Punta Arenas,CL,2020-04-20 01:37:25,-53.15,-70.92,41.0,65,40,14.99
39,Severo-Kurilsk,RU,2020-04-20 01:37:25,50.68,156.12,31.71,92,52,9.17
40,Puerto Carreno,CO,2020-04-20 01:37:25,6.19,-67.49,79.03,74,20,4.9
41,Faanui,PF,2020-04-20 01:35:43,-16.48,-151.75,82.24,77,81,19.19
42,Mataura,NZ,2020-04-20 01:37:25,-46.19,168.86,57.99,60,90,5.01
43,Vanavara,RU,2020-04-20 01:37:26,60.34,102.28,34.86,70,0,1.52
44,Jamestown,US,2020-04-20 01:37:26,42.1,-79.24,42.01,93,90,10.29
45,Manaquiri,BR,2020-04-20 01:37:26,-3.32,-60.35,80.6,83,99,3.36
46,Viedma,AR,2020-04-20 01:37:26,-40.81,-63.0,60.71,53,93,11.23
47,Bluff,NZ,2020-04-20 01:37:26,-46.6,168.33,57.99,60,70,5.01
48,Rawson,AR,2020-04-20 01:37:26,-43.3,-65.1,60.03,40,41,23.94
49,Tuatapere,NZ,2020-04-20 01:37:27,-46.13,167.68,57.99,60,16,5.01
50,Norman Wells,CA,2020-04-20 01:37:27,65.28,-126.83,30.2,58,75,3.15
51,Yar-Sale,RU,2020-04-20 01:37:27,66.83,70.83,34.11,98,100,7.43
52,Petropavlovsk-Kamchatskiy,RU,2020-04-20 01:37:27,53.05,158.65,37.4,23,19,15.66
53,Chandbali,IN,2020-04-20 01:37:27,20.78,86.77,85.05,76,26,11.36
54,Georgetown,MY,2020-04-20 01:37:28,5.41,100.34,87.8,83,20,2.91
55,Husavik,IS,2020-04-20 01:37:28,66.04,-17.34,44.6,70,20,26.4
56,Nome,US,2020-04-20 01:37:28,64.5,-165.41,37.0,93,1,5.82
57,Kapaa,US,2020-04-20 01:35:18,22.08,-159.32,80.6,69,1,10.29
58,Thompson,CA,2020-04-20 01:37:28,55.74,-97.86,21.2,85,75,10.29
59,Vanimo,PG,2020-04-20 01:37:28,-2.67,141.3,81.81,82,100,9.69
60,Khatanga,RU,2020-04-20 01:37:29,71.97,102.5,31.03,95,61,5.66
61,Constitucion,CL,2020-04-20 01:37:29,-35.33,-72.42,56.53,67,96,9.28
62,Chernaya Kholunitsa,RU,2020-04-20 01:37:29,58.85,51.72,34.5,80,37,4.34
63,Bauchi,NG,2020-04-20 01:37:29,10.5,10.0,75.38,19,67,5.23
64,Bengkulu,ID,2020-04-20 01:37:30,-3.8,102.27,86.95,62,60,2.71
65,Arraial Do Cabo,BR,2020-04-20 01:37:30,-22.97,-42.03,72.48,73,75,2.57
66,Puerto Ayora,EC,2020-04-20 01:35:23,-0.74,-90.35,82.4,74,75,11.41
67,Mehamn,NO,2020-04-20 01:37:30,71.04,27.85,37.33,79,86,23.87
68,Kruisfontein,ZA,2020-04-20 01:37:30,-34.0,24.73,60.62,74,0,5.37
69,Galle,LK,2020-04-20 01:37:30,6.04,80.22,84.02,74,0,9.4
70,Ahipara,NZ,2020-04-20 01:37:30,-35.17,173.17,64.58,90,100,5.86
71,Longyearbyen,SJ,2020-04-20 01:34:53,78.22,15.64,30.2,86,90,33.33
72,Butaritari,KI,2020-04-20 01:37:31,3.07,172.79,83.77,70,26,7.83
73,Atuona,PF,2020-04-20 01:37:31,-9.8,-139.03,82.72,75,45,12.82
74,Tartagal,AR,2020-04-20 01:37:31,-22.52,-63.8,63.1,50,0,3.31
75,Comodoro Rivadavia,AR,2020-04-20 01:32:47,-45.87,-67.5,53.6,50,0,20.8
76,Shellbrook,CA,2020-04-20 01:37:31,53.22,-106.4,46.4,42,90,9.17
77,Hobart,AU,2020-04-20 01:37:32,-42.88,147.33,62.01,71,75,11.41
78,Bredasdorp,ZA,2020-04-20 01:35:54,-34.53,20.04,52.0,93,0,8.05
79,Pisco,PE,2020-04-20 01:36:20,-13.7,-76.22,69.8,77,0,11.41
80,Frankenberg,DE,2020-04-20 01:37:32,51.07,8.8,46.4,42,0,5.82
81,Batsfjord,NO,2020-04-20 01:37:32,70.63,29.72,37.69,79,98,25.66
82,Pevek,RU,2020-04-20 01:35:50,69.7,170.31,12.63,94,100,7.56
83,Fortuna,US,2020-04-20 01:35:25,40.6,-124.16,53.01,87,90,11.41
84,Ribeira Grande,PT,2020-04-20 01:37:33,38.52,-28.7,56.26,58,2,7.27
85,Andros Town,BS,2020-04-20 01:37:33,24.7,-77.77,80.01,78,2,8.05
86,Ancud,CL,2020-04-20 01:37:33,-41.87,-73.82,44.6,93,20,5.79
87,Tandalti,SD,2020-04-20 01:37:33,13.02,31.87,71.69,19,100,6.6
88,Almendralejo,ES,2020-04-20 01:37:34,38.68,-6.41,53.6,81,92,8.05
89,Borskoye,RU,2020-04-20 01:37:34,53.03,51.72,42.53,65,68,2.77
90,Sao Joao Da Barra,BR,2020-04-20 01:35:18,-21.64,-41.05,69.08,84,99,7.09
91,Tiksi,RU,2020-04-20 01:35:47,71.69,128.87,18.86,92,100,6.04
92,Leningradskiy,RU,2020-04-20 01:36:24,69.38,178.42,14.41,93,95,10.16
93,Carnarvon,AU,2020-04-20 01:37:34,-24.87,113.63,75.2,69,53,18.34
94,Asau,RO,2020-04-20 01:37:35,46.43,26.4,46.4,75,90,12.75
95,Chuy,UY,2020-04-20 01:37:35,-33.7,-53.46,64.47,85,0,9.71
96,Mahanje,TZ,2020-04-20 01:37:35,-9.93,35.33,61.3,71,34,1.9
97,Erzin,TR,2020-04-20 01:37:35,36.96,36.2,61.0,87,40,2.24
98,Diamantino,BR,2020-04-20 01:37:35,-14.41,-56.45,73.04,80,4,1.83
99,Upernavik,GL,2020-04-20 01:37:36,72.79,-56.15,23.4,88,66,47.96
100,Severo-Yeniseyskiy,RU,2020-04-20 01:36:16,60.37,93.04,35.08,63,92,9.44
101,Lebu,CL,2020-04-20 01:35:21,-37.62,-73.65,55.58,72,100,9.01
102,Petrinja,HR,2020-04-20 01:37:36,45.44,16.29,55.0,76,90,12.75
103,Villa Carlos Paz,AR,2020-04-20 01:37:36,-31.42,-64.5,72.0,72,0,10.29
104,Cabo San Lucas,MX,2020-04-20 01:37:36,22.89,-109.91,73.99,49,5,5.82
105,Laguna,US,2020-04-20 01:36:38,38.42,-121.42,68.0,48,1,5.82
106,Pundaguitan,PH,2020-04-20 01:37:37,6.37,126.17,83.52,76,55,9.57
107,Deputatskiy,RU,2020-04-20 01:37:37,69.3,139.9,9.95,87,26,6.2
108,Vardo,NO,2020-04-20 01:37:37,70.37,31.11,39.24,89,100,25.08
109,Ponta Delgada,PT,2020-04-20 01:37:37,37.73,-25.67,55.4,71,20,6.93
110,Plettenberg Bay,ZA,2020-04-20 01:37:37,-34.05,23.37,64.63,66,0,2.33
111,Karema,TZ,2020-04-20 01:37:38,-6.82,30.44,69.91,68,86,1.88
112,New Norfolk,AU,2020-04-20 01:35:24,-42.78,147.06,62.01,87,98,9.69
113,Sandwick,GB,2020-04-20 01:37:38,60.0,-1.25,44.6,81,0,6.93
114,Nelson Bay,AU,2020-04-20 01:37:38,-32.72,152.15,70.0,49,100,17.22
115,Burnie,AU,2020-04-20 01:37:38,-41.07,145.92,60.01,83,40,11.99
116,Qaanaaq,GL,2020-04-20 01:35:21,77.48,-69.36,9.43,82,39,11.48
117,Boralday,KZ,2020-04-20 01:37:39,43.36,76.86,48.2,70,0,6.71
118,Warri,NG,2020-04-20 01:37:39,5.52,5.75,77.25,88,100,0.11
119,Avarua,CK,2020-04-20 01:35:19,-21.21,-159.78,82.4,69,3,9.17
120,Mindelo,CV,2020-04-20 01:37:39,16.89,-24.98,71.6,68,20,23.04
121,Coihaique,CL,2020-04-20 01:35:48,-45.58,-72.07,41.0,86,42,2.24
122,Huron,US,2020-04-20 01:37:40,41.15,-82.55,43.0,74,78,8.01
123,Chokurdakh,RU,2020-04-20 01:37:40,70.63,147.92,9.68,95,92,11.48
124,Kirensk,RU,2020-04-20 01:37:40,57.79,108.11,30.16,75,29,7.43
125,Aksu,CN,2020-04-20 01:37:40,41.12,80.26,57.87,40,96,1.54
126,Owensboro,US,2020-04-20 01:37:40,37.77,-87.11,57.2,62,20,4.7
127,Butembo,CD,2020-04-20 01:37:40,0.15,29.28,56.75,63,95,0.98
128,Taltal,CL,2020-04-20 01:37:41,-25.4,-70.48,59.65,74,0,1.23
129,Albany,US,2020-04-20 01:35:18,42.6,-73.97,51.01,60,94,10.0
130,Tasiilaq,GL,2020-04-20 01:37:41,65.61,-37.64,32.0,90,100,3.36
131,Bethel,US,2020-04-20 01:37:41,41.37,-73.41,55.4,37,75,12.75
132,Port Lincoln,AU,2020-04-20 01:37:41,-34.73,135.87,62.82,57,93,14.23
133,Ponta Do Sol,PT,2020-04-20 01:37:42,32.67,-17.1,60.01,69,9,8.01
134,Axim,GH,2020-04-20 01:37:42,4.87,-2.24,81.27,82,100,6.38
135,Yinchuan,CN,2020-04-20 01:37:42,38.47,106.27,50.02,23,54,8.57
136,Saldanha,ZA,2020-04-20 01:37:42,-33.01,17.94,59.0,82,92,11.41
137,Trincomalee,LK,2020-04-20 01:37:42,8.57,81.23,86.49,66,40,9.95
138,Mantua,IT,2020-04-20 01:37:43,45.17,10.78,61.0,88,100,3.0
139,Kabanjahe,ID,2020-04-20 01:37:43,3.1,98.49,77.0,94,40,5.82
140,Vila Velha,BR,2020-04-20 01:37:43,-20.33,-40.29,73.4,78,20,3.36
141,Tezu,IN,2020-04-20 01:37:43,27.92,96.17,70.41,64,96,2.06
142,Kamyaran,IR,2020-04-20 01:37:43,34.8,46.94,44.6,87,0,2.24
143,Taoudenni,ML,2020-04-20 01:37:44,22.68,-3.98,75.31,24,0,5.03
144,Yulara,AU,2020-04-20 01:37:44,-25.24,130.99,86.0,28,24,13.87
145,Union,US,2020-04-20 01:37:44,40.63,-74.27,57.2,35,75,10.25
146,Cherskiy,RU,2020-04-20 01:35:51,68.75,161.3,12.81,94,100,8.32
147,Kununurra,AU,2020-04-20 01:37:45,-15.77,128.73,91.4,55,10,4.7
148,Neiafu,TO,2020-04-20 01:37:45,-18.65,-173.98,86.0,70,75,8.05
149,Middelburg,ZA,2020-04-20 01:37:45,-25.78,29.46,52.05,53,0,5.14
150,Sidney,AU,2020-04-20 01:33:11,-33.87,151.21,66.99,68,98,9.17
151,Chapais,CA,2020-04-20 01:37:45,49.78,-74.85,14.0,61,1,8.05
152,Tateyama,JP,2020-04-20 01:37:46,34.98,139.87,51.8,93,75,9.17
153,Walla Walla,US,2020-04-20 01:35:21,46.06,-118.34,66.99,37,1,5.82
154,Mandera,KE,2020-04-20 01:37:46,3.94,41.87,78.01,21,100,1.01
155,Hamilton,US,2020-04-20 01:37:46,39.18,-84.53,52.0,81,1,3.83
156,Miles City,US,2020-04-20 01:37:46,46.41,-105.84,55.4,43,75,4.7
157,Provideniya,RU,2020-04-20 01:35:27,64.38,-173.3,22.59,95,100,13.62
158,Jos,NG,2020-04-20 01:37:47,9.92,8.9,68.4,53,100,6.58
159,Nichinan,JP,2020-04-20 01:37:47,31.6,131.37,69.8,64,40,12.75
160,Sola,VU,2020-04-20 01:37:47,-13.88,167.55,87.8,79,40,5.82
161,Balikpapan,ID,2020-04-20 01:37:47,-1.27,116.83,80.6,88,20,2.24
162,Castro,BR,2020-04-20 01:37:47,-24.79,-50.01,56.52,70,49,5.79
163,Leh,IN,2020-04-20 01:37:48,34.17,77.58,31.24,20,100,2.44
164,Sisimiut,GL,2020-04-20 01:37:48,66.94,-53.67,25.88,89,90,18.84
165,Port Alberni,CA,2020-04-20 01:34:42,49.24,-124.8,61.0,66,44,3.0
166,Kavieng,PG,2020-04-20 01:37:48,-2.57,150.8,84.33,73,30,5.17
167,Dingle,PH,2020-04-20 01:37:48,11.0,122.67,89.37,60,98,13.8
168,Coquimbo,CL,2020-04-20 01:37:48,-29.95,-71.34,59.0,93,90,2.24
169,Waipawa,NZ,2020-04-20 01:37:49,-41.41,175.52,59.0,64,100,7.0
170,Lawrenceburg,US,2020-04-20 01:37:49,38.04,-84.9,53.6,66,75,3.65
171,Mount Gambier,AU,2020-04-20 01:37:49,-37.83,140.77,62.6,59,40,20.8
172,College,US,2020-04-20 01:35:25,64.86,-147.8,48.0,75,90,6.08
173,Nikolskoye,RU,2020-04-20 01:37:49,59.7,30.79,37.0,94,37,4.47
174,Flinders,AU,2020-04-20 01:37:49,-34.58,150.86,64.0,58,98,5.01
175,Richmond,US,2020-04-20 01:35:39,37.55,-77.46,61.0,63,75,3.36
176,Touros,BR,2020-04-20 01:37:50,-5.2,-35.46,77.0,94,40,4.7
177,Tazovskiy,RU,2020-04-20 01:37:50,67.47,78.7,33.84,98,92,9.82
178,Broken Hill,AU,2020-04-20 01:35:36,-31.95,141.43,71.6,28,100,13.87
179,Iwaki,JP,2020-04-20 01:37:50,37.05,140.88,55.0,91,99,12.8
180,Severomorsk,RU,2020-04-20 01:37:51,69.07,33.42,35.6,95,75,6.71
181,Mar Del Plata,AR,2020-04-20 01:35:44,-38.0,-57.56,64.0,87,98,3.36
182,Mitsamiouli,KM,2020-04-20 01:37:51,-11.38,43.28,82.76,72,50,15.19
183,Plymouth,US,2020-04-20 01:37:51,41.83,-70.83,50.0,66,1,17.22
184,Lavrentiya,RU,2020-04-20 01:37:51,65.58,-171.0,19.63,92,100,7.83
185,Sorland,NO,2020-04-20 01:36:16,67.67,12.69,41.11,97,100,15.23
186,Porto Murtinho,BR,2020-04-20 01:37:52,-21.7,-57.88,69.51,54,0,1.81
187,Novovasylivka,UA,2020-04-20 01:37:52,46.83,35.75,46.71,89,100,7.38
188,Kurilsk,RU,2020-04-20 01:35:36,45.23,147.88,37.15,77,100,13.96
189,Chanika,TZ,2020-04-20 01:37:52,-5.42,38.02,66.87,81,95,1.63
190,Severodvinsk,RU,2020-04-20 01:37:52,64.56,39.83,32.0,98,90,4.47
191,Airai,TL,2020-04-20 01:35:22,-8.93,125.41,72.95,43,32,3.47
192,Olafsvik,IS,2020-04-20 01:37:52,64.89,-23.71,44.02,92,99,18.61
193,Christchurch,NZ,2020-04-20 01:35:09,-43.53,172.63,68.0,29,22,9.17
194,Merauke,ID,2020-04-20 01:37:53,-8.47,140.33,89.24,63,22,7.27
195,Carutapera,BR,2020-04-20 01:37:53,-1.2,-46.02,79.12,85,37,6.49
196,Elat,IL,2020-04-20 01:37:53,29.56,34.95,73.4,43,0,13.87
197,Gboko,NG,2020-04-20 01:37:53,7.32,9.0,77.99,73,100,12.86
198,Lasa,IT,2020-04-20 01:37:54,46.62,10.7,46.4,100,75,3.36
199,Vila Franca Do Campo,PT,2020-04-20 01:37:54,37.72,-25.43,55.4,71,20,6.93
200,Padang,ID,2020-04-20 01:33:12,-0.95,100.35,88.18,60,3,1.83
201,Bowen,AU,2020-04-20 01:37:54,-20.02,148.23,86.0,66,73,5.82
202,Cidreira,BR,2020-04-20 01:35:54,-30.18,-50.21,66.7,86,0,15.21
203,Naze,JP,2020-04-20 01:32:55,28.37,129.48,71.6,68,20,14.99
204,Yakima,US,2020-04-20 01:37:55,46.47,-120.67,71.6,26,20,8.05
205,Soe,ID,2020-04-20 01:37:55,-9.86,124.28,79.12,53,2,5.7
206,Gewane,ET,2020-04-20 01:37:55,10.17,40.65,77.83,52,100,3.89
207,Ratnagiri,IN,2020-04-20 01:37:55,16.98,73.3,87.44,61,73,4.83
208,Codrington,AU,2020-04-20 01:37:55,-38.27,141.97,61.39,54,19,21.23
209,Beloyarskiy,RU,2020-04-20 01:37:56,63.71,66.67,37.15,85,31,8.97
210,Mogadishu,SO,2020-04-20 01:34:16,2.04,45.34,82.51,74,99,11.43
211,Alofi,NU,2020-04-20 01:37:56,-19.06,-169.92,84.2,74,2,14.99
212,Carovigno,IT,2020-04-20 01:37:56,40.71,17.66,61.0,90,97,3.0
213,Port Macquarie,AU,2020-04-20 01:37:56,-31.43,152.92,73.99,65,98,1.01
214,Golub-Dobrzyn,PL,2020-04-20 01:37:57,53.11,19.05,36.0,81,0,3.0
215,Hasaki,JP,2020-04-20 01:37:57,35.73,140.83,51.01,93,75,9.17
216,Trelleborg,SE,2020-04-20 01:37:57,55.38,13.16,39.0,80,0,2.24
217,Boyolangu,ID,2020-04-20 01:37:57,-8.12,111.89,85.32,68,99,4.21
218,Sao Filipe,CV,2020-04-20 01:37:57,14.9,-24.5,71.49,72,1,16.69
219,Beloha,MG,2020-04-20 01:37:57,-25.17,45.05,70.11,80,1,14.61
220,Dzilam Gonzalez,MX,2020-04-20 01:34:10,21.28,-88.93,84.99,81,0,13.56
221,Lagoa,PT,2020-04-20 01:37:58,39.05,-27.98,56.79,60,0,13.04
222,Gazojak,TM,2020-04-20 01:37:58,41.19,61.4,73.13,20,20,0.29
223,Broome,US,2020-04-20 01:37:58,42.25,-75.83,46.4,70,90,11.41
224,Preobrazheniye,RU,2020-04-20 01:37:58,42.9,133.91,39.87,89,100,10.38
225,Leeton,AU,2020-04-20 01:37:58,-34.57,146.4,71.01,45,75,20.8
226,Pangnirtung,CA,2020-04-20 01:37:59,66.15,-65.71,-0.81,79,18,6.02
227,Miri,MY,2020-04-20 01:37:59,4.41,114.01,87.8,79,75,4.7
228,Haileybury,CA,2020-04-20 01:37:59,47.45,-79.64,24.8,45,1,9.17
229,Banda Aceh,ID,2020-04-20 01:38:00,5.56,95.32,85.77,71,23,7.27
230,Dikson,RU,2020-04-20 01:38:00,73.51,80.55,33.6,94,86,17.05
231,San Quintin,MX,2020-04-20 01:38:00,30.48,-115.95,59.58,74,79,18.79
232,Richards Bay,ZA,2020-04-20 01:38:00,-28.78,32.04,66.87,80,0,8.88
233,East London,ZA,2020-04-20 01:38:00,-33.02,27.91,76.21,54,0,10.85
234,Port Hardy,CA,2020-04-20 01:38:00,50.7,-127.42,53.6,71,20,10.29
235,Kokoda,PG,2020-04-20 01:38:00,-8.88,147.74,85.69,53,77,0.67
236,Kanchanaburi,TH,2020-04-20 01:38:01,14.63,99.1,92.3,41,2,0.65
237,Saint Anthony,US,2020-04-20 01:34:02,45.02,-93.22,46.99,31,1,8.05
238,Port-Gentil,GA,2020-04-20 01:33:18,-0.72,8.78,79.81,83,100,3.0
239,Taft,IR,2020-04-20 01:38:01,31.75,54.21,59.0,54,66,2.24
240,Novichikha,RU,2020-04-20 01:38:01,52.2,81.39,59.36,35,26,2.01
241,Mahajanga,MG,2020-04-20 01:38:02,-15.72,46.32,77.0,78,40,5.82
242,Blackwater,AU,2020-04-20 01:38:02,-23.58,148.88,82.76,43,25,4.9
243,Aktau,KZ,2020-04-20 01:38:02,43.65,51.2,42.8,100,75,4.47
244,Okhotsk,RU,2020-04-20 01:38:02,59.38,143.3,20.82,82,13,9.82
245,Neyshabur,IR,2020-04-20 01:38:02,36.21,58.8,60.1,31,0,1.41
246,Kovdor,RU,2020-04-20 01:38:03,67.57,30.48,34.97,89,100,9.01
247,Tacoronte,ES,2020-04-20 01:38:03,28.48,-16.41,59.0,87,75,18.34
248,Souillac,MU,2020-04-20 01:38:03,-20.52,57.52,77.0,83,75,12.75
249,Balaipungut,ID,2020-04-20 01:38:03,1.05,101.28,82.4,83,33,6.93
250,Bokaa,BW,2020-04-20 01:38:03,-24.45,26.02,60.8,72,0,6.93
251,Sakaiminato,JP,2020-04-20 01:38:03,35.55,133.23,59.0,93,75,18.34
252,Caravelas,BR,2020-04-20 01:38:04,-17.71,-39.25,74.89,78,15,13.18
253,Harnoli,PK,2020-04-20 01:38:04,32.28,71.55,75.06,43,100,8.03
254,Bodden Town,KY,2020-04-20 01:38:04,19.28,-81.25,82.4,83,20,3.36
255,Nivala,FI,2020-04-20 01:38:04,63.92,24.97,36.0,85,100,5.01
256,Raudeberg,NO,2020-04-20 01:38:04,61.99,5.14,39.99,86,0,5.82
257,Tilichiki,RU,2020-04-20 01:38:05,60.47,166.1,17.91,90,100,16.71
258,Greymouth,NZ,2020-04-20 01:38:05,-42.47,171.2,53.69,76,89,3.02
259,Hovd,MN,2020-04-20 01:38:05,48.01,91.64,45.28,26,0,3.13
260,Pedernales,DO,2020-04-20 01:38:05,18.04,-71.74,77.56,70,0,7.83
261,Athabasca,CA,2020-04-20 01:38:05,54.72,-113.29,42.58,73,98,5.91
262,Dunedin,NZ,2020-04-20 01:38:05,-45.87,170.5,61.0,35,82,5.01
263,Victoria,HK,2020-04-20 01:35:24,22.29,114.16,82.0,85,22,5.01
264,Palestine,PS,2020-04-20 01:38:06,31.92,35.2,66.99,82,75,6.93
265,Lazaro Cardenas,MX,2020-04-20 01:38:06,17.96,-102.2,75.0,87,34,2.57
266,Kodiak,US,2020-04-20 01:35:51,57.79,-152.41,48.2,76,90,11.41
267,Tulun,RU,2020-04-20 01:38:06,54.56,100.58,35.73,54,0,5.68
268,Oloron-Sainte-Marie,FR,2020-04-20 01:38:06,43.19,-0.61,55.4,100,90,5.82
269,Sinnamary,GF,2020-04-20 01:38:07,5.38,-52.95,78.67,86,100,14.65
270,Eyl,SO,2020-04-20 01:38:07,7.98,49.82,83.28,72,98,6.33
271,Sulphur,US,2020-04-20 01:38:07,30.24,-93.38,77.0,88,75,9.17
272,Dalvik,IS,2020-04-20 01:38:08,65.97,-18.53,44.6,70,20,26.4
273,Sioux Lookout,CA,2020-04-20 01:38:08,50.1,-91.92,35.6,50,90,13.87
274,Barabai,ID,2020-04-20 01:38:08,-2.58,115.38,91.27,53,44,2.71
275,Mangan,IN,2020-04-20 01:38:08,27.52,88.53,76.95,25,61,2.73
276,Praia,CV,2020-04-20 01:38:08,14.92,-23.51,69.8,68,40,18.34
277,Naryan-Mar,RU,2020-04-20 01:38:08,67.67,53.09,30.79,98,95,6.91
278,Santa Isabel Do Rio Negro,BR,2020-04-20 01:38:09,-0.41,-65.02,74.32,88,41,1.63
279,San Patricio,MX,2020-04-20 01:35:50,19.22,-104.7,75.2,78,5,17.22
280,General Roca,AR,2020-04-20 01:38:09,-39.03,-67.58,64.4,42,74,5.82
281,Massaguet,TD,2020-04-20 01:38:09,12.48,15.44,86.0,12,79,3.36
282,Brattleboro,US,2020-04-20 01:38:09,42.85,-72.56,46.69,80,100,6.96
283,Mmabatho,ZA,2020-04-20 01:38:10,-25.85,25.63,55.4,76,0,3.36
284,Isangel,VU,2020-04-20 01:34:03,-19.55,169.27,82.4,83,90,14.52
285,Moron,AR,2020-04-20 01:36:05,-34.65,-58.62,66.0,83,0,5.91
286,Saint-Pierre,RE,2020-04-20 01:38:10,-21.34,55.48,73.4,78,20,12.75
287,Narsaq,GL,2020-04-20 01:38:10,60.92,-46.05,24.8,41,1,6.93
288,Bafra,TR,2020-04-20 01:38:10,41.57,35.91,42.8,93,93,3.36
289,Yaguajay,CU,2020-04-20 01:38:11,22.33,-79.24,78.08,75,20,8.99
290,Roald,NO,2020-04-20 01:38:11,62.58,6.13,39.2,93,0,8.05
291,Rjukan,NO,2020-04-20 01:38:11,59.88,8.59,37.0,74,1,7.0
292,Swan River,CA,2020-04-20 01:38:11,52.11,-101.27,32.49,79,82,10.78
293,Grand Gaube,MU,2020-04-20 01:38:11,-20.01,57.66,77.0,83,75,12.75
294,Kathmandu,NP,2020-04-20 01:37:07,27.72,85.32,59.0,77,20,2.24
295,Hwange,ZW,2020-04-20 01:38:12,-18.37,26.5,62.64,53,15,2.77
296,Te Anau,NZ,2020-04-20 01:38:12,-45.42,167.72,53.29,54,23,7.65
297,Ha Giang,VN,2020-04-20 01:34:18,22.83,104.98,85.55,63,64,5.21
298,Bichena,ET,2020-04-20 01:38:12,10.45,38.2,57.15,26,99,2.68
299,Nosy Varika,MG,2020-04-20 01:38:12,-20.58,48.53,72.16,86,66,5.48
300,Bambous Virieux,MU,2020-04-20 01:38:12,-20.34,57.76,77.0,83,75,12.75
301,Napoleon,US,2020-04-20 01:38:13,41.39,-84.13,48.2,49,75,6.93
302,Riviere-Du-Loup,CA,2020-04-20 01:35:11,47.83,-69.53,35.1,86,100,9.13
303,Pacific Grove,US,2020-04-20 01:36:31,36.62,-121.92,59.0,80,54,1.01
304,Daru,PG,2020-04-20 01:38:13,-9.08,143.21,83.68,79,54,9.33
305,La Asuncion,VE,2020-04-20 01:38:13,11.03,-63.86,80.6,78,1,18.34
306,Port Hedland,AU,2020-04-20 01:38:13,-20.32,118.57,87.8,70,75,8.05
307,Sur,OM,2020-04-20 01:36:29,22.57,59.53,86.29,41,0,6.08
308,Klyuchi,RU,2020-04-20 01:38:14,52.27,79.17,63.97,28,0,4.05
309,Acapulco,MX,2020-04-20 01:38:14,16.86,-99.89,78.8,88,5,5.82
310,Luanda,AO,2020-04-20 01:38:14,-8.84,13.23,78.8,94,75,5.82
311,Aykhal,RU,2020-04-20 01:38:14,66.0,111.5,26.6,35,7,4.47
312,Tura,IN,2020-04-20 01:38:14,25.52,90.22,79.81,63,97,6.87
313,Arzgir,RU,2020-04-20 01:38:15,45.37,44.22,52.48,79,89,6.22
314,Arman,RU,2020-04-20 01:38:15,59.7,150.17,16.16,85,0,7.25
315,Katherine,AU,2020-04-20 01:38:15,-14.47,132.27,91.4,46,88,5.82
316,Leshukonskoye,RU,2020-04-20 01:38:15,64.9,45.76,32.36,96,99,3.87
317,Inhambane,MZ,2020-04-20 01:38:15,-23.86,35.38,72.72,84,9,9.95
318,Minsk,BY,2020-04-20 01:33:45,53.9,27.57,26.6,86,40,6.71
319,Kummersbruck,DE,2020-04-20 01:38:16,49.42,11.89,44.6,81,1,5.82
320,Zwedru,LR,2020-04-20 01:38:16,6.07,-8.13,73.56,92,100,2.62
321,Tombouctou,ML,2020-04-20 01:38:16,20.0,-3.0,75.58,19,0,12.37
322,Matamoros,MX,2020-04-20 01:35:28,25.53,-103.25,93.2,7,75,11.41
323,San Matias,BO,2020-04-20 01:38:16,-16.37,-58.4,73.89,86,44,2.48
324,Sao Pedro,BR,2020-04-20 01:37:35,-22.55,-47.91,60.26,79,1,5.75
325,Puerto Narino,CO,2020-04-20 01:38:17,-3.77,-70.38,77.0,100,20,1.61
326,Puerto Vallarta,MX,2020-04-20 01:33:42,20.62,-105.23,75.2,78,40,11.41
327,Karaton,ID,2020-04-20 01:38:17,-6.34,106.1,86.0,74,20,6.93
328,Hualmay,PE,2020-04-20 01:38:17,-11.1,-77.61,70.05,78,6,7.16
329,Yining,CN,2020-04-20 01:38:17,29.04,114.56,64.22,71,100,4.61
330,Haines Junction,CA,2020-04-20 01:38:18,60.75,-137.51,43.29,58,74,8.57
331,Guerrero,MX,2020-04-20 01:38:18,17.67,-100.0,71.11,46,10,2.75
332,Gizo,SB,2020-04-20 01:38:18,-8.1,156.84,84.02,72,83,2.73
333,Rocha,UY,2020-04-20 01:38:18,-34.48,-54.33,59.86,83,0,6.62
334,Oxapampa,PE,2020-04-20 01:38:18,-10.58,-75.4,56.41,49,17,3.51
335,Esperance,AU,2020-04-20 01:38:18,-33.87,121.9,60.8,67,0,12.75
336,Kulhudhuffushi,MV,2020-04-20 01:36:37,6.62,73.07,86.56,68,28,8.99
337,Tvedestrand,NO,2020-04-20 01:38:19,58.62,8.93,36.0,62,0,6.93
338,Vorukh,TJ,2020-04-20 01:38:19,39.85,70.58,56.37,23,0,1.19
339,Fredericksburg,US,2020-04-20 01:37:24,38.3,-77.46,60.8,67,1,3.36
340,Dudesti,RO,2020-04-20 01:38:19,44.9,27.43,49.6,70,100,13.24
341,Shizunai,JP,2020-04-20 01:38:19,42.33,142.37,47.52,60,100,19.15
342,Necochea,AR,2020-04-20 01:38:19,-38.55,-58.74,54.0,97,95,1.99
343,La Ronge,CA,2020-04-20 01:38:20,55.1,-105.28,37.4,44,75,14.99
344,Carson City,US,2020-04-20 01:38:20,39.16,-119.77,57.2,24,75,12.75
345,Rio Cuarto,AR,2020-04-20 01:38:20,-33.13,-64.35,68.0,56,0,8.05
346,Katsuura,JP,2020-04-20 01:35:36,35.13,140.3,51.8,93,75,6.93
347,Wanaka,NZ,2020-04-20 01:38:21,-44.7,169.15,52.02,49,69,6.51
348,Jiwani,PK,2020-04-20 01:38:21,25.05,61.74,80.56,75,6,9.42
349,Trairi,BR,2020-04-20 01:33:31,-3.28,-39.27,78.84,83,8,2.42
350,Turukhansk,RU,2020-04-20 01:38:21,65.82,87.98,40.28,66,100,20.89
351,Iguape,BR,2020-04-20 01:38:21,-24.71,-47.56,66.7,85,8,2.37
352,Havelock,US,2020-04-20 01:37:03,34.88,-76.9,68.0,77,90,6.93
353,Gimbi,ET,2020-04-20 01:38:22,9.17,35.83,61.45,24,99,1.36
354,Porto Walter,BR,2020-04-20 01:38:22,-8.27,-72.74,69.1,66,0,2.17
355,Doetinchem,NL,2020-04-20 01:38:22,51.95,6.28,46.99,52,0,7.0
356,Humaita,BR,2020-04-20 01:38:22,-7.51,-63.02,74.71,96,100,0.94
357,Kolvereid,NO,2020-04-20 01:38:22,64.87,11.6,40.01,85,99,4.56
358,Ribas Do Rio Pardo,BR,2020-04-20 01:38:23,-20.44,-53.76,67.93,83,2,5.46
359,Tucumcari,US,2020-04-20 01:38:23,35.17,-103.72,73.4,17,75,9.17
360,Santiago Del Estero,AR,2020-04-20 01:38:23,-27.8,-64.26,67.91,47,0,7.81
361,Las Palmas,ES,2020-04-20 01:37:00,28.42,-14.01,64.4,72,75,6.93
362,Businga,CD,2020-04-20 01:38:23,3.33,20.88,72.12,80,91,2.62
363,Parkes,AU,2020-04-20 01:38:24,-33.13,148.18,66.99,43,100,1.01
364,Onoda,JP,2020-04-20 01:38:24,34.0,131.18,62.6,67,75,13.87
365,Helsinki,FI,2020-04-20 01:38:24,60.17,24.94,43.0,85,18,6.93
366,Cortez,US,2020-04-20 01:34:26,37.35,-108.59,60.8,21,75,13.87
367,Zeya,RU,2020-04-20 01:38:24,53.75,127.27,27.37,84,100,15.9
368,Fort Nelson,CA,2020-04-20 01:38:24,58.81,-122.7,62.6,76,75,8.05
369,Nemuro,JP,2020-04-20 01:38:25,43.32,145.57,41.0,75,75,11.41
370,Riyadh,SA,2020-04-20 01:34:30,24.69,46.72,73.4,53,100,2.24
371,Baykit,RU,2020-04-20 01:38:25,61.67,96.37,35.87,75,6,4.72
372,Novyy Urgal,RU,2020-04-20 01:38:25,51.07,132.56,49.42,51,100,15.23
373,Namibe,AO,2020-04-20 01:38:25,-15.2,12.15,74.39,73,74,1.28
374,Palmer,US,2020-04-20 01:38:26,42.16,-72.33,51.8,57,40,11.41
375,Morgan City,US,2020-04-20 01:38:26,29.7,-91.21,78.01,94,90,17.22
376,Mecca,SA,2020-04-20 01:38:26,21.43,39.83,72.68,77,79,1.21
377,Khani,GE,2020-04-20 01:36:36,41.96,42.96,50.0,87,56,10.29
378,Nsanje,MW,2020-04-20 01:38:26,-16.92,35.26,66.96,92,47,2.24
379,Ketchikan,US,2020-04-20 01:38:27,55.34,-131.65,48.2,81,90,16.11
380,Les Cayes,HT,2020-04-20 01:38:27,18.2,-73.75,78.91,76,37,7.61
381,Kangasala,FI,2020-04-20 01:38:27,61.46,24.08,41.0,90,9,3.36
382,Oktyabrskiy,RU,2020-04-20 01:38:27,54.48,53.47,40.55,68,100,1.34
383,Trapani,IT,2020-04-20 01:38:27,37.83,12.67,66.99,72,100,8.05
384,Kirksville,US,2020-04-20 01:38:28,40.19,-92.58,53.6,50,1,5.82
385,Copiapo,CL,2020-04-20 01:38:28,-27.37,-70.33,62.6,77,90,4.7
386,Bulgan,MN,2020-04-20 01:38:28,48.81,103.53,30.92,44,91,11.99
387,Ardea,IT,2020-04-20 01:38:28,41.61,12.51,60.01,87,75,5.82
388,Mabini,PH,2020-04-20 01:38:28,15.6,120.98,86.0,70,40,2.24
389,Waingapu,ID,2020-04-20 01:38:29,-9.66,120.26,85.71,62,58,4.74
390,Zabid,YE,2020-04-20 01:38:29,14.2,43.32,83.77,67,98,9.69
391,Kavaratti,IN,2020-04-20 01:38:29,10.57,72.64,85.66,68,71,6.06
392,Jumla,NP,2020-04-20 01:38:29,29.27,82.18,55.0,23,60,1.57
393,Kalmunai,LK,2020-04-20 01:36:36,7.42,81.82,85.73,71,28,7.11
394,Margate,GB,2020-04-20 01:38:29,51.38,1.39,52.0,68,0,8.01
395,Saravan,AM,2020-04-20 01:38:29,39.72,45.65,42.8,87,20,4.7
396,Mildura,AU,2020-04-20 01:38:30,-34.2,142.15,71.6,53,99,9.17
397,Hauterive,FR,2020-04-20 01:38:30,46.09,3.45,55.4,100,75,4.7
398,Nyrob,RU,2020-04-20 01:38:30,60.73,56.72,32.4,90,5,5.64
399,Arlit,NE,2020-04-20 01:38:30,18.74,7.39,83.53,12,1,9.15
400,Teya,RU,2020-04-20 01:38:30,60.38,92.63,38.68,63,97,7.85
401,Murgab,TM,2020-04-20 01:38:30,37.5,61.97,57.2,71,0,4.7
402,Bahia Honda,CU,2020-04-20 01:38:31,22.9,-83.16,78.91,77,0,10.45
403,Ilulissat,GL,2020-04-20 01:38:31,69.22,-51.1,30.2,46,100,19.46
404,Medicine Hat,CA,2020-04-20 01:36:38,50.05,-110.67,60.8,21,20,16.11
405,Male,MV,2020-04-20 01:38:31,4.17,73.51,85.62,73,96,9.73
406,Tshikapa,CD,2020-04-20 01:38:31,-6.42,20.8,70.61,72,100,1.83
407,Rodionovo-Nesvetayskaya,RU,2020-04-20 01:38:32,47.61,39.71,48.99,81,40,11.18
408,Ust-Ilimsk,RU,2020-04-20 01:38:32,58.0,102.66,34.11,65,0,4.32
409,Beringovskiy,RU,2020-04-20 01:38:32,63.05,179.32,21.47,96,100,17.56
410,Nargana,PA,2020-04-20 01:38:32,9.44,-78.59,80.58,81,92,10.27
411,Pangai,TO,2020-04-20 01:38:32,-19.8,-174.35,84.2,66,20,12.75
412,Teguise,ES,2020-04-20 01:38:32,29.06,-13.56,64.4,72,15,8.05
413,Hirara,JP,2020-04-20 01:38:32,24.8,125.28,73.4,88,75,13.87
414,Reconquista,AR,2020-04-20 01:38:33,-29.15,-59.65,64.04,62,0,5.23
415,Marystown,CA,2020-04-20 01:38:33,47.17,-55.15,37.45,94,100,20.22
416,Barra Do Garcas,BR,2020-04-20 01:38:33,-15.89,-52.26,73.06,82,100,3.2
417,Barda,AZ,2020-04-20 01:38:33,40.37,47.13,56.88,72,79,1.28
418,Eureka,US,2020-04-20 01:38:33,40.8,-124.16,55.0,72,59,3.0
419,Polis,CY,2020-04-20 01:38:33,35.04,32.43,50.0,66,4,6.93
420,Balad,IQ,2020-04-20 01:38:34,34.02,44.15,70.27,46,0,2.98
421,Conde,BR,2020-04-20 01:38:34,-7.26,-34.91,77.0,94,65,2.24
422,Pouebo,NC,2020-04-20 01:38:34,-20.4,164.57,81.61,72,100,3.67
423,Sitka,US,2020-04-20 01:38:34,57.05,-135.33,51.8,81,90,6.93
424,Staryy Nadym,RU,2020-04-20 01:38:34,65.61,72.68,33.6,97,94,12.17
425,Meulaboh,ID,2020-04-20 01:38:34,4.14,96.13,86.14,68,3,2.1
426,Providencia,MX,2020-04-20 01:38:35,28.72,-111.58,75.99,30,80,3.0
427,Dukat,RU,2020-04-20 01:38:35,62.55,155.55,3.6,82,100,6.44
428,Mahibadhoo,MV,2020-04-20 01:34:51,3.78,72.97,85.19,74,86,8.59
429,Kisangani,CD,2020-04-20 01:38:35,0.52,25.2,69.39,84,93,2.1
430,Igualada,ES,2020-04-20 01:38:35,41.58,1.62,57.99,91,100,1.99
431,Flin Flon,CA,2020-04-20 01:38:35,54.77,-101.86,25.75,94,68,8.7
432,Adrar,MR,2020-04-20 01:38:36,20.5,-10.07,72.52,20,0,7.61
433,Barhi,IN,2020-04-20 01:38:36,23.9,80.8,90.79,13,100,3.13
434,Gamba,GA,2020-04-20 01:38:36,-2.65,10.0,77.54,85,100,3.74
435,Solnechnyy,RU,2020-04-20 01:38:36,50.72,136.63,30.6,83,100,7.72
436,Portland,US,2020-04-20 01:36:32,45.52,-122.68,63.0,45,20,8.05
437,Nyandoma,RU,2020-04-20 01:38:36,61.67,40.2,29.52,97,100,4.5
438,Altay,CN,2020-04-20 01:38:37,47.87,88.12,55.11,30,0,2.37
439,Valparaiso,CL,2020-04-20 01:34:23,-33.04,-71.63,62.6,77,0,6.93
440,Parabel,RU,2020-04-20 01:38:37,58.7,81.48,50.52,63,89,6.51
441,Poso,ID,2020-04-20 01:38:37,-1.4,120.75,86.77,62,37,2.44
442,Rodrigues Alves,BR,2020-04-20 01:38:37,-7.74,-72.65,69.04,66,5,1.9
443,Tual,ID,2020-04-20 01:38:37,-5.67,132.75,84.9,72,23,4.81
444,Narrabri,AU,2020-04-20 01:38:38,-30.32,149.78,69.8,35,57,3.36
445,Udimskiy,RU,2020-04-20 01:38:38,61.14,45.91,30.65,94,17,2.13
446,Lata,PT,2020-04-20 01:38:38,40.16,-8.33,53.01,90,100,1.92
447,Tefe,BR,2020-04-20 01:38:38,-3.35,-64.71,73.8,95,91,1.28
448,Hervey Bay,AU,2020-04-20 01:38:38,-25.3,152.85,82.0,57,0,5.82
449,Rio Gallegos,AR,2020-04-20 01:38:38,-51.62,-69.22,42.8,60,63,21.92
450,Montevideo,UY,2020-04-20 01:35:47,-34.83,-56.17,66.2,63,0,4.7
451,Amuntai,ID,2020-04-20 01:38:39,-2.42,115.25,90.41,56,39,3.6
452,Yoichi,JP,2020-04-20 01:38:39,43.2,140.77,48.99,45,75,13.87
453,Bubaque,GW,2020-04-20 01:38:39,11.28,-15.83,77.59,71,48,12.1
454,Pivijay,CO,2020-04-20 01:38:39,10.46,-74.62,80.6,83,97,11.41
455,Ust-Nera,RU,2020-04-20 01:38:39,64.57,143.2,13.19,78,91,2.86
456,Pringsewu,ID,2020-04-20 01:38:40,-5.36,104.97,86.2,67,47,4.21
457,Byron Bay,AU,2020-04-20 01:34:30,-28.65,153.62,75.99,38,49,9.17
458,Scarborough,GB,2020-04-20 01:38:40,54.28,-0.4,44.01,85,0,5.01
459,Ladario,BR,2020-04-20 01:38:40,-19.0,-57.6,73.62,81,1,1.05
460,Xingyi,CN,2020-04-20 01:38:40,24.19,102.82,76.42,18,0,16.13
461,Joshimath,IN,2020-04-20 01:38:40,30.57,79.57,56.59,16,21,1.72
462,Morant Bay,JM,2020-04-20 01:38:41,17.88,-76.41,82.4,74,20,11.41
463,Sydney,AU,2020-04-20 01:37:35,-33.87,151.21,66.99,68,98,9.17
464,Hofn,IS,2020-04-20 01:38:41,64.25,-15.21,44.28,86,99,8.84
465,Gernsheim,DE,2020-04-20 01:38:41,49.76,8.5,51.01,67,5,3.0
466,Isla Vista,US,2020-04-20 01:38:41,34.41,-119.86,63.0,77,90,11.41
467,Kosa,RU,2020-04-20 01:38:42,59.94,55.0,33.03,86,0,4.92
468,Suoyarvi,RU,2020-04-20 01:38:42,62.08,32.35,33.26,91,88,4.41
469,Ishigaki,JP,2020-04-20 01:38:42,24.34,124.16,71.6,100,75,18.34
470,Vysokogornyy,RU,2020-04-20 01:38:42,50.12,139.15,53.26,41,100,2.33
471,Havoysund,NO,2020-04-20 01:38:43,71.0,24.66,39.2,93,75,43.62
472,Vestmanna,FO,2020-04-20 01:36:05,62.16,-7.17,44.6,87,4,17.22
473,Talcahuano,CL,2020-04-20 01:38:43,-36.72,-73.12,57.2,82,100,9.17
474,Boshan,CN,2020-04-20 01:38:43,36.48,117.83,61.0,32,0,3.0
475,Jinan,CN,2020-04-20 01:38:43,36.67,117.0,64.0,30,0,14.65
476,Conceicao Do Araguaia,BR,2020-04-20 01:35:31,-8.26,-49.26,80.6,78,100,3.36
477,Guarapari,BR,2020-04-20 01:38:44,-20.67,-40.5,73.4,78,20,3.36
478,Ucluelet,CA,2020-04-20 01:34:37,48.93,-125.55,61.0,87,75,5.82
479,Palana,RU,2020-04-20 01:38:44,59.12,159.97,15.76,93,100,10.67
480,Hami,CN,2020-04-20 01:38:44,42.8,93.45,65.8,14,89,10.58
481,Severnyy,RU,2020-04-20 01:38:44,50.68,36.55,37.4,64,99,6.71
482,Nador,MA,2020-04-20 01:38:45,35.17,-2.93,62.6,67,0,18.34
483,Artvin,TR,2020-04-20 01:38:45,41.17,41.83,53.6,71,93,14.99
484,Quatre Cocos,MU,2020-04-20 01:38:45,-20.21,57.76,77.0,83,75,12.75
485,Koutsouras,GR,2020-04-20 01:38:45,35.03,25.95,57.99,90,14,1.99
486,San Juan,AR,2020-04-20 01:38:45,-31.54,-68.54,72.75,32,0,7.81
487,Carahue,CL,2020-04-20 01:38:45,-38.7,-73.17,53.6,87,88,1.77
488,Mata,PT,2020-04-20 01:38:46,40.68,-7.46,50.0,93,99,3.94
489,Port Victoria,KE,2020-04-20 01:38:46,0.09,33.98,67.96,65,100,9.13
490,Newala,TZ,2020-04-20 01:38:46,-10.94,39.28,61.99,91,12,3.83
491,Kaitangata,NZ,2020-04-20 01:38:46,-46.28,169.85,60.01,42,79,11.99
492,Umm Lajj,SA,2020-04-20 01:38:46,25.02,37.27,71.49,58,0,4.07
493,Lorengau,PG,2020-04-20 01:35:21,-2.02,147.27,84.49,74,33,6.35
494,Brae,GB,2020-04-20 01:38:47,60.4,-1.35,44.6,75,0,13.87
495,Inuvik,CA,2020-04-20 01:35:05,68.35,-133.72,23.0,53,90,3.36
496,Eydhafushi,MV,2020-04-20 01:38:47,5.1,73.07,85.86,74,91,9.98
497,Ambilobe,MG,2020-04-20 01:36:35,-13.2,49.05,71.08,86,89,4.59
498,Noyabrsk,RU,2020-04-20 01:38:47,63.2,75.45,41.38,69,0,13.73
499,Martyush,RU,2020-04-20 01:38:48,56.4,61.88,42.06,61,37,2.35
500,Resistencia,AR,2020-04-20 01:38:48,-27.46,-58.98,72.0,68,0,5.82
501,Cayenne,GF,2020-04-20 01:38:48,4.93,-52.33,77.0,100,100,10.09
502,Dossor,KZ,2020-04-20 01:38:48,47.53,52.98,57.47,75,11,3.89
503,Jieshi,CN,2020-04-20 01:38:48,22.81,115.83,81.0,80,35,7.14
504,Batemans Bay,AU,2020-04-20 01:34:17,-35.72,150.18,64.99,53,100,13.65
505,Mackay,AU,2020-04-20 01:38:49,-21.15,149.2,86.0,74,40,6.93
506,Caucaia,BR,2020-04-20 01:38:49,-3.74,-38.65,82.99,74,20,3.36
507,Katete,UG,2020-04-20 01:38:49,-0.78,29.75,63.68,61,100,2.98
508,Ayorou,NE,2020-04-20 01:38:49,14.73,0.92,85.08,41,48,10.83
509,Clyde River,CA,2020-04-20 01:38:49,70.47,-68.59,-4.0,76,1,4.7
510,Yichun,CN,2020-04-20 01:38:49,47.7,128.9,45.39,65,100,10.2
511,Kalga,RU,2020-04-20 01:38:50,50.93,118.9,25.77,63,100,22.15
512,Champerico,GT,2020-04-20 01:38:50,14.3,-91.92,83.5,66,80,0.34
513,Ust-Ishim,RU,2020-04-20 01:38:50,57.69,71.17,46.4,62,0,3.0
514,Morondava,MG,2020-04-20 01:38:50,-20.28,44.28,76.93,64,0,10.02
515,Kyra,RU,2020-04-20 01:38:50,49.58,111.98,26.44,55,73,16.53
516,Nioro,GM,2020-04-20 01:38:50,13.35,-15.75,75.94,40,99,8.03
517,Ughelli,NG,2020-04-20 01:38:51,5.49,6.01,74.95,95,100,1.7
518,Chifeng,CN,2020-04-20 01:38:51,42.27,118.96,42.53,38,0,29.37
519,Carballo,ES,2020-04-20 01:38:51,43.21,-8.69,51.01,90,91,1.01
520,Darab,IR,2020-04-20 01:36:19,28.75,54.54,66.9,35,96,1.77
521,Cam Ranh,VN,2020-04-20 01:38:51,11.92,109.16,86.0,84,40,3.36
522,Road Town,VG,2020-04-20 01:34:06,18.42,-64.62,80.01,83,22,11.99
523,Jintur,IN,2020-04-20 01:38:52,19.62,76.7,93.87,18,38,5.68
524,San Isidro,PE,2020-04-20 01:38:52,-12.12,-77.05,69.8,77,30,10.29
525,Chilca,PE,2020-04-20 01:38:52,-12.52,-76.74,69.8,77,0,10.29
526,Kyabram,AU,2020-04-20 01:38:52,-36.32,145.05,70.0,33,100,14.5
527,Correia Pinto,BR,2020-04-20 01:38:52,-27.58,-50.36,52.16,75,11,2.8
528,Guilin,CN,2020-04-20 01:38:52,25.28,110.29,64.4,88,90,1.34
529,Wewak,PG,2020-04-20 01:38:53,-3.55,143.63,85.17,70,45,5.53
530,Baillif,GP,2020-04-20 01:38:53,16.02,-61.75,77.0,78,75,4.7
531,Nhulunbuy,AU,2020-04-20 01:38:53,-12.23,136.77,89.6,55,20,11.41
532,Emirdag,TR,2020-04-20 01:38:53,39.02,31.15,52.21,37,9,3.44
533,Smithers,CA,2020-04-20 01:34:13,54.78,-127.17,66.2,52,5,11.41
534,San Cristobal,VE,2020-04-20 01:38:53,7.77,-72.22,67.6,63,98,1.95
535,Bismarck,US,2020-04-20 01:34:03,46.81,-100.78,53.6,22,1,12.75
536,Kieta,PG,2020-04-20 01:38:55,-6.22,155.63,83.73,74,95,3.91
537,Ihosy,MG,2020-04-20 01:38:55,-22.4,46.12,62.04,71,21,12.17
538,Brazzaville,CG,2020-04-20 01:38:55,-4.27,15.28,77.0,83,40,4.7
539,Roswell,US,2020-04-20 01:35:35,34.02,-84.36,51.8,93,90,5.59
540,Jega,NG,2020-04-20 01:38:55,12.22,4.38,88.54,42,57,15.01
541,Russell,US,2020-04-20 01:38:55,32.35,-85.2,62.6,93,90,9.17
542,Coahuayana,MX,2020-04-20 01:38:56,18.73,-103.68,73.35,82,0,3.44
543,Salantai,LT,2020-04-20 01:38:56,56.07,21.57,30.2,92,0,2.24
544,Gat,IL,2020-04-20 01:38:56,31.61,34.76,62.01,75,0,3.0
545,Nizhnyaya Tavda,RU,2020-04-20 01:38:56,57.67,66.17,44.38,59,3,6.67
546,Chernyshevsk,RU,2020-04-20 01:38:56,52.52,117.02,28.51,58,100,16.78
547,Lomza,PL,2020-04-20 01:38:57,53.18,22.06,27.0,85,0,4.79
548,Salalah,OM,2020-04-20 01:38:57,17.02,54.09,80.6,74,20,4.7
549,Spearfish,US,2020-04-20 01:38:57,44.49,-103.86,41.0,80,75,8.05
550,Oyama,JP,2020-04-20 01:35:04,36.3,139.8,55.0,87,75,3.36
551,Guerrero Negro,MX,2020-04-20 01:37:44,27.98,-114.06,60.48,78,99,19.82
552,Ajdabiya,LY,2020-04-20 01:38:58,30.76,20.23,68.56,35,100,10.33
553,Dumas,US,2020-04-20 01:38:58,35.87,-101.97,66.99,52,1,5.82
554,Nowy Targ,PL,2020-04-20 01:38:58,49.48,20.03,32.0,77,8,9.17
555,Ust-Kuyga,RU,2020-04-20 01:38:59,70.02,135.6,17.65,92,100,8.12
